{"cameraMode":{"drawMode":0,"name":"Shaded","section":"Shading Mode"},"sceneLighting":false,"audioPlay":false,"sceneViewState":{"showFog":true,"showMaterialUpdate":false,"showSkybox":false,"showFlares":true,"showImageEffects":true,"showParticleSystems":true},"in2DMode":false,"pivot":{"x":7.97168493270874,"y":6.591701984405518,"z":-20.405473709106447},"rotation":{"x":-0.06110479682683945,"y":0.5814045071601868,"z":-0.04970933869481087,"w":-0.8099555969238281},"size":1.6361339092254639,"orthographic":false}