{"cameraMode":{"drawMode":0,"name":"Shaded","section":"Shading Mode"},"sceneLighting":false,"audioPlay":false,"sceneViewState":{"showFog":true,"showMaterialUpdate":false,"showSkybox":false,"showFlares":true,"showImageEffects":true,"showParticleSystems":true},"in2DMode":false,"pivot":{"x":45.60480499267578,"y":403.2730407714844,"z":-182.10757446289063},"rotation":{"x":0.07223481684923172,"y":-0.9072824716567993,"z":-0.17438404262065888,"w":-0.37580201029777529},"size":49.413944244384769,"orthographic":false}