{"cameraMode":{"drawMode":0,"name":"Shaded","section":"Shading Mode"},"sceneLighting":false,"audioPlay":false,"sceneViewState":{"showFog":true,"showMaterialUpdate":false,"showSkybox":false,"showFlares":true,"showImageEffects":true,"showParticleSystems":true},"in2DMode":false,"pivot":{"x":-418.79998779296877,"y":-262.20001220703127,"z":-2607.5},"rotation":{"x":-0.1112719476222992,"y":0.5383877158164978,"z":-0.07197851687669754,"w":-0.8322463631629944},"size":17.32050895690918,"orthographic":false}